model,variable,coeff,t_stat,p_value,r_squared,n_obs
p0_1_no_lag_return,const,-0.00000749,-1.10446446,0.26939171,0.00027484,55634
p0_1_no_lag_return,tfi,0.00031536,2.52335744,0.01162402,0.00027484,55634
p0_1_no_lag_return,regime_score,0.00002944,1.37636437,0.16870885,0.00027484,55634
p0_1_no_lag_return,tfi_x_regime,-0.00127122,-3.57614467,0.00034870,0.00027484,55634
p0_1_no_lag_return,lag_tfi,0.00000407,0.06386383,0.94907865,0.00027484,55634
